"blob0:centroid_x","blob0:centroid_y"
0.370464,1.06912
0.362324,0.422341
-0.358004,0.951791
-0.605746,0.359558
