"blob0:centroid_x","blob0:centroid_y"
0.352281,1.11246
0.389473,0.359787
-0.344053,0.978179
-0.50935,0.38845
