"blob0:centroid_x","blob0:centroid_y"
0.379644,1.09945
0.529248,0.331438
-0.355587,0.906685
-0.615116,0.375627
