"blob0:centroid_x","blob0:centroid_y"
0.372691,1.0875
-0.12681,0.34737
-0.360972,0.950949
-0.613119,0.381063
