"blob0:centroid_x","blob0:centroid_y"
0.36552,1.07938
-0.195359,0.228878
-0.341986,0.981628
-0.604568,0.359588
