"blob0:centroid_x","blob0:centroid_y"
0.405319,1.08798
0.368485,0.431852
-0.358823,1.00224
-0.604158,0.361586
