"blob0:centroid_x","blob0:centroid_y"
0.386029,1.10996
0.238678,0.365368
-0.359298,0.948795
-0.612169,0.380088
