"blob0:centroid_x","blob0:centroid_y"
0.343813,1.16118
0.101171,0.320955
-0.369831,0.97333
-0.448619,0.318039
