"blob0:centroid_x","blob0:centroid_y"
0.411301,1.10525
-0.168377,0.486237
-0.340842,0.982108
-0.551408,0.333269
