"blob0:centroid_x","blob0:centroid_y"
0.391417,1.07161
0.296935,0.45989
-0.350983,0.95359
-0.603173,0.363945
